{"cameraMode":{"drawMode":0,"name":"Shaded","section":"Shading Mode"},"sceneLighting":true,"audioPlay":false,"sceneViewState":{"m_AlwaysRefresh":false,"showFog":true,"showSkybox":true,"showFlares":true,"showImageEffects":true,"showParticleSystems":true,"showVisualEffectGraphs":true,"m_FxEnabled":true},"in2DMode":false,"pivot":{"x":298.5351867675781,"y":16.686616897583009,"z":460.5975341796875},"rotation":{"x":0.12586641311645509,"y":0.7050343751907349,"z":-0.12937358021736146,"w":0.6857889294624329},"size":0.24788953363895417,"orthographic":false}